-- ===================================================================
-- Create FDW objects
-- ===================================================================
CREATE EXTENSION postgres_fdw;
DO $d$
    BEGIN
        EXECUTE $$CREATE SERVER loopback FOREIGN DATA WRAPPER postgres_fdw
            OPTIONS (dbname '$$||current_database()||$$',
                     port '$$||current_setting('port')||$$'
            )$$;
    END;
$d$;
CREATE USER MAPPING FOR CURRENT_USER SERVER loopback;
CREATE EXTENSION pgspider_ext;
CREATE SERVER spdsrv FOREIGN DATA WRAPPER pgspider_ext;
CREATE USER MAPPING FOR CURRENT_USER SERVER spdsrv;
-- ===================================================================
-- Create objects used through FDW loopback server
-- ===================================================================
CREATE TABLE tbl1_a_src(col1 integer primary key, col2 integer, col3 text);
CREATE TABLE tbl1_b_src(col1 integer primary key, col2 integer, col3 text);
CREATE TABLE tbl1_c_src(col1 integer primary key, col2 integer, col3 text);
-- ===================================================================
-- Insert test data
-- ===================================================================
INSERT INTO tbl1_a_src VALUES(1, 11, 'valA1');
INSERT INTO tbl1_a_src VALUES(2, 12, 'valA2');
INSERT INTO tbl1_a_src VALUES(3, 12, 'valA3');
INSERT INTO tbl1_a_src VALUES(4, 13, 'valA4');
INSERT INTO tbl1_a_src VALUES(5, 13, 'valA5');
INSERT INTO tbl1_a_src VALUES(6, 13, 'valA6');
INSERT INTO tbl1_b_src VALUES(1, 21, 'valB1');
INSERT INTO tbl1_b_src VALUES(2, 22, 'valB2');
INSERT INTO tbl1_b_src VALUES(3, 22, 'valB3');
INSERT INTO tbl1_b_src VALUES(4, 23, 'valB4');
INSERT INTO tbl1_b_src VALUES(5, 23, 'valB5');
INSERT INTO tbl1_b_src VALUES(6, 23, 'valB6');
INSERT INTO tbl1_b_src VALUES(7, 24, 'valB7');
INSERT INTO tbl1_c_src VALUES(1, 31, 'valC1');
INSERT INTO tbl1_c_src VALUES(2, 32, 'valC2');
INSERT INTO tbl1_c_src VALUES(3, 32, 'valC3');
INSERT INTO tbl1_c_src VALUES(4, 33, 'valC4');
INSERT INTO tbl1_c_src VALUES(5, 33, 'valC5');
INSERT INTO tbl1_c_src VALUES(6, 33, 'valC6');
INSERT INTO tbl1_c_src VALUES(7, 34, 'valC7');
INSERT INTO tbl1_c_src VALUES(8, 35, 'valC8');
INSERT INTO tbl1_c_src VALUES(9, 35, 'valC8');
-- ===================================================================
-- Create foreign tables
-- ===================================================================
CREATE FOREIGN TABLE tbl1_a_child(col1 integer, col2 integer, col3 text) SERVER loopback OPTIONS(table_name 'tbl1_a_src');
CREATE FOREIGN TABLE tbl1_b_child(col1 integer, col2 integer, col3 text) SERVER loopback OPTIONS(table_name 'tbl1_b_src');
CREATE FOREIGN TABLE tbl1_c_cld(col1 integer, col2 integer, col3 text) SERVER loopback OPTIONS(table_name 'tbl1_c_src');
CREATE TABLE tbl1(col1 int, col2 integer, col3 text, spdurl text) PARTITION BY LIST (spdurl);
CREATE FOREIGN TABLE tbl1_a PARTITION OF tbl1 FOR VALUES IN ('/node1/') SERVER spdsrv;
CREATE FOREIGN TABLE tbl1_b PARTITION OF tbl1 FOR VALUES IN ('/node2/') SERVER spdsrv;
CREATE FOREIGN TABLE tbl1_c PARTITION OF tbl1 FOR VALUES IN ('/node3/') SERVER spdsrv OPTIONS(child_name 'tbl1_c_cld');
-- ===================================================================
-- Execute queries
-- ===================================================================
SELECT pgspider_ext_version();
 pgspider_ext_version 
----------------------
                10300
(1 row)

SELECT * FROM public.pgspider_ext_version();
 pgspider_ext_version 
----------------------
                10300
(1 row)

SELECT col1 FROM tbl1;
 col1 
------
    1
    2
    3
    4
    5
    6
    1
    2
    3
    4
    5
    6
    7
    1
    2
    3
    4
    5
    6
    7
    8
    9
(22 rows)

SELECT col3 FROM tbl1 WHERE col2 > 22;
 col3  
-------
 valB4
 valB5
 valB6
 valB7
 valC1
 valC2
 valC3
 valC4
 valC5
 valC6
 valC7
 valC8
 valC8
(13 rows)

SELECT col2, col3 FROM tbl1 WHERE col1 % 2 = 0;
 col2 | col3  
------+-------
   12 | valA2
   13 | valA4
   13 | valA6
   22 | valB2
   23 | valB4
   23 | valB6
   32 | valC2
   33 | valC4
   33 | valC6
   35 | valC8
(10 rows)

SELECT col3, col2 * col1 FROM tbl1 WHERE col1 % 2 = 1 AND col2 % 2 = 1;
 col3  | ?column? 
-------+----------
 valA1 |       11
 valA5 |       65
 valB1 |       21
 valB5 |      115
 valC1 |       31
 valC5 |      165
 valC8 |      315
(7 rows)

SELECT col2, col3 FROM tbl1 WHERE col3 LIKE 'val%_2' OR col3 LIKE 'val_4' ORDER BY col2 DESC;
 col2 | col3  
------+-------
   33 | valC4
   32 | valC2
   23 | valB4
   22 | valB2
   13 | valA4
   12 | valA2
(6 rows)

SELECT col3 FROM tbl1 WHERE col1 IN (SELECT DISTINCT col2 % 30 FROM tbl1);
 col3  
-------
 valA1
 valA2
 valA3
 valA4
 valA5
 valB1
 valB2
 valB3
 valB4
 valB5
 valC1
 valC2
 valC3
 valC4
 valC5
(15 rows)

SELECT col1, spdurl FROM tbl1;
 col1 | spdurl  
------+---------
    1 | /node1/
    2 | /node1/
    3 | /node1/
    4 | /node1/
    5 | /node1/
    6 | /node1/
    1 | /node2/
    2 | /node2/
    3 | /node2/
    4 | /node2/
    5 | /node2/
    6 | /node2/
    7 | /node2/
    1 | /node3/
    2 | /node3/
    3 | /node3/
    4 | /node3/
    5 | /node3/
    6 | /node3/
    7 | /node3/
    8 | /node3/
    9 | /node3/
(22 rows)

SELECT spdurl || col3 FROM tbl1;
   ?column?   
--------------
 /node1/valA1
 /node1/valA2
 /node1/valA3
 /node1/valA4
 /node1/valA5
 /node1/valA6
 /node2/valB1
 /node2/valB2
 /node2/valB3
 /node2/valB4
 /node2/valB5
 /node2/valB6
 /node2/valB7
 /node3/valC1
 /node3/valC2
 /node3/valC3
 /node3/valC4
 /node3/valC5
 /node3/valC6
 /node3/valC7
 /node3/valC8
 /node3/valC8
(22 rows)

SELECT spdurl, col2 FROM tbl1 WHERE spdurl LIKE '/node1/';
 spdurl  | col2 
---------+------
 /node1/ |   11
 /node1/ |   12
 /node1/ |   12
 /node1/ |   13
 /node1/ |   13
 /node1/ |   13
(6 rows)

SELECT col1, spdurl FROM tbl1 WHERE spdurl || col3 = '/node1/valA1';
 col1 | spdurl  
------+---------
    1 | /node1/
(1 row)

SELECT col3, spdurl FROM tbl1 WHERE spdurl || col3 = '/node2/valB2';
 col3  | spdurl  
-------+---------
 valB2 | /node2/
(1 row)

-- Disable to pushdown aggregate
SET enable_partitionwise_aggregate TO off;
SELECT count(col2) FROM tbl1;
 count 
-------
    22
(1 row)

SELECT col2, sum(col1) FROM tbl1 GROUP BY col2;
 col2 | sum 
------+-----
   22 |   5
   11 |   1
   21 |   1
   34 |   7
   35 |  17
   31 |   1
   13 |  15
   32 |   5
   12 |   5
   24 |   7
   33 |  15
   23 |  15
(12 rows)

SELECT col2, sum(col1) FROM tbl1 GROUP BY col2 HAVING col2 % 2 = 1;
 col2 | sum 
------+-----
   11 |   1
   13 |  15
   21 |   1
   23 |  15
   31 |   1
   33 |  15
   35 |  17
(7 rows)

SELECT sum(col1) FROM tbl1 GROUP BY spdurl;
 sum 
-----
  45
  21
  28
(3 rows)

SELECT spdurl, sum(col1) FROM tbl1 GROUP BY spdurl;
 spdurl  | sum 
---------+-----
 /node3/ |  45
 /node1/ |  21
 /node2/ |  28
(3 rows)

SELECT col2, sum(col1) FROM tbl1 GROUP BY spdurl, col2;
 col2 | sum 
------+-----
   21 |   1
   31 |   1
   12 |   5
   33 |  15
   35 |  17
   13 |  15
   34 |   7
   22 |   5
   23 |  15
   24 |   7
   32 |   5
   11 |   1
(12 rows)

SELECT spdurl, col2, sum(col1) FROM tbl1 GROUP BY spdurl, col2;
 spdurl  | col2 | sum 
---------+------+-----
 /node2/ |   21 |   1
 /node3/ |   31 |   1
 /node1/ |   12 |   5
 /node3/ |   33 |  15
 /node3/ |   35 |  17
 /node1/ |   13 |  15
 /node3/ |   34 |   7
 /node2/ |   22 |   5
 /node2/ |   23 |  15
 /node2/ |   24 |   7
 /node3/ |   32 |   5
 /node1/ |   11 |   1
(12 rows)

-- Enable to pushdown aggregate
SET enable_partitionwise_aggregate TO on;
SELECT count(col2) FROM tbl1;
 count 
-------
    22
(1 row)

SELECT col2, sum(col1) FROM tbl1 GROUP BY col2;
 col2 | sum 
------+-----
   22 |   5
   11 |   1
   21 |   1
   34 |   7
   35 |  17
   31 |   1
   13 |  15
   32 |   5
   12 |   5
   24 |   7
   33 |  15
   23 |  15
(12 rows)

SELECT col2, sum(col1) FROM tbl1 GROUP BY col2 HAVING col2 % 2 = 1;
 col2 | sum 
------+-----
   11 |   1
   13 |  15
   21 |   1
   23 |  15
   31 |   1
   33 |  15
   35 |  17
(7 rows)

SELECT sum(col1) FROM tbl1 GROUP BY spdurl;
 sum 
-----
  21
  28
  45
(3 rows)

SELECT spdurl, sum(col1) FROM tbl1 GROUP BY spdurl;
 spdurl  | sum 
---------+-----
 /node1/ |  21
 /node2/ |  28
 /node3/ |  45
(3 rows)

SELECT col2, sum(col1) FROM tbl1 GROUP BY spdurl, col2;
 col2 | sum 
------+-----
   11 |   1
   13 |  15
   12 |   5
   22 |   5
   21 |   1
   24 |   7
   23 |  15
   34 |   7
   35 |  17
   31 |   1
   32 |   5
   33 |  15
(12 rows)

SELECT spdurl, col2, sum(col1) FROM tbl1 GROUP BY spdurl, col2;
 spdurl  | col2 | sum 
---------+------+-----
 /node1/ |   11 |   1
 /node1/ |   13 |  15
 /node1/ |   12 |   5
 /node2/ |   22 |   5
 /node2/ |   21 |   1
 /node2/ |   24 |   7
 /node2/ |   23 |  15
 /node3/ |   34 |   7
 /node3/ |   35 |  17
 /node3/ |   31 |   1
 /node3/ |   32 |   5
 /node3/ |   33 |  15
(12 rows)

-- ===================================================================
-- Clean up
-- ===================================================================
DROP FOREIGN TABLE tbl1_a;
DROP FOREIGN TABLE tbl1_b;
DROP FOREIGN TABLE tbl1_c;
DROP TABLE tbl1;
DROP FOREIGN TABLE tbl1_a_child;
DROP FOREIGN TABLE tbl1_b_child;
DROP FOREIGN TABLE tbl1_c_cld;
DROP TABLE tbl1_a_src;
DROP TABLE tbl1_b_src;
DROP TABLE tbl1_c_src;
DROP USER MAPPING FOR CURRENT_USER SERVER spdsrv;
DROP USER MAPPING FOR CURRENT_USER SERVER loopback;
DROP SERVER spdsrv;
DROP SERVER loopback;
DROP EXTENSION pgspider_ext;
DROP EXTENSION postgres_fdw;
-- End
